case,generator,type,cost model,startup,shutdown,n,c2,c1,c0
89,1,NUC,"	2	","0.0	","0.0	","3	","0.000000	","6.586541	",0
89,2,COW,"	2	","0.0	","0.0	","3	","0.000000	","34.794851	",0
89,3,NG,"	2	","0.0	","0.0	","3	","0.000000	","42.293854	",0
89,4,COW,"	2	","0.0	","0.0	","3	","0.000000	","32.583236	",0
89,5,NG,"	2	","0.0	","0.0	","3	","0.000000	","16.762466	",0
89,6,NG,"	2	","0.0	","0.0	","3	","0.000000	","27.707032	",0
89,7,NUC,"	2	","0.0	","0.0	","3	","0.000000	","8.398333	",0
89,8,NG,"	2	","0.0	","0.0	","3	","0.000000	","37.992337	",0
89,9,NG,"	2	","0.0	","0.0	","3	","0.000000	","20.760837	",0
89,10,COW,"	2	","0.0	","0.0	","3	","0.000000	","22.517790	",0
89,11,NG,"	2	","0.0	","0.0	","3	","0.000000	","31.271293	",0
89,12,COW,"	2	","0.0	","0.0	","3	","0.000000	","17.655344	",0